[
  {
    "op": "core/text-transform",
    "description": "Text transform on cells in column sponsor using expression value.trim()",
    "engineConfig": {
      "mode": "row-based",
      "facets": []
    },
    "columnName": "sponsor",
    "expression": "value.trim()",
    "onError": "keep-original",
    "repeat": false,
    "repeatCount": 10
  },
  {
    "op": "core/text-transform",
    "description": "Text transform on cells in column sponsor using expression value.replace(/\\s+/,' ')",
    "engineConfig": {
      "mode": "row-based",
      "facets": []
    },
    "columnName": "sponsor",
    "expression": "value.replace(/\\s+/,' ')",
    "onError": "keep-original",
    "repeat": false,
    "repeatCount": 10
  },
  {
    "op": "core/text-transform",
    "description": "Text transform on cells in column sponsor using expression value.toTitlecase()",
    "engineConfig": {
      "mode": "row-based",
      "facets": []
    },
    "columnName": "sponsor",
    "expression": "value.toTitlecase()",
    "onError": "keep-original",
    "repeat": false,
    "repeatCount": 10
  },
  {
    "op": "core/text-transform",
    "description": "Text transform on cells in column sponsor using expression grel:value.replace(/[%@#+!*Ã©¨%¶Ÿ¤,:\\\"]/,' ')",
    "engineConfig": {
      "mode": "row-based",
      "facets": []
    },
    "columnName": "sponsor",
    "expression": "grel:value.replace(/[%@#+!*Ã©¨%¶Ÿ¤,:\\\"]/,' ')",
    "onError": "keep-original",
    "repeat": false,
    "repeatCount": 10
  },
  {
    "op": "core/text-transform",
    "description": "Text transform on cells in column sponsor using expression grel:value.replace(/\\\\s+/,' ')",
    "engineConfig": {
      "mode": "row-based",
      "facets": []
    },
    "columnName": "sponsor",
    "expression": "grel:value.replace(/\\\\s+/,' ')",
    "onError": "keep-original",
    "repeat": false,
    "repeatCount": 10
  },
  {
    "op": "core/mass-edit",
    "description": "Mass edit cells in column sponsor",
    "engineConfig": {
      "mode": "row-based",
      "facets": []
    },
    "columnName": "sponsor",
    "expression": "value",
    "edits": [
      {
        "fromBlank": false,
        "fromError": false,
        "from": [
          "Red Star Line - Antwerpen - Ny",
          "Red Star Line - Antwerpen Ny",
          "Red Star Line - Antwerpen -ny",
          "Red Star Line -antwerpen Ny",
          "Red Star Line -antwerpen - Ny",
          "Red Star Line -antwerpen -ny",
          "Red Star Line- Antwerpen -ny",
          "Red Star Line- Antwerpen Ny"
        ],
        "to": "Red Star Line - Antwerpen - Ny"
      },
      {
        "fromBlank": false,
        "fromError": false,
        "from": [
          "Norddeutscher Lloyd Bremen",
          "Norddeutscher Lloyd - Bremen",
          "Norddeutscher Lloyd  Bremen",
          "Norddeutscher Lloyd Bremen;",
          "Bremen Norddeutscher Lloyd",
          "Norddeutscher Lloyd -bremen"
        ],
        "to": "Norddeutscher Lloyd Bremen"
      },
      {
        "fromBlank": false,
        "fromError": false,
        "from": [
          "Fifth Avenue Hotel",
          "(fifth Avenue Hotel)",
          "(fifth Avenue Hotel?)",
          "Fifth Avenue Hotel (?)",
          "(fifth Avenue Hotel?}",
          "Fifth Avenue Hotel;"
        ],
        "to": "Fifth Avenue Hotel"
      },
      {
        "fromBlank": false,
        "fromError": false,
        "from": [
          "Colonial Hotel",
          "Hotel Colonial",
          "(?colonial Hotel?)",
          "(colonial Hotel)"
        ],
        "to": "Colonial Hotel"
      },
      {
        "fromBlank": false,
        "fromError": false,
        "from": [
          "[restaurant Name And/or Location Not Given]",
          "Restaurant Name And/or Location Not Given]",
          "Restaurant Name And/or Location Not Given",
          "[restaurant Name And/or Location Not Given"
        ],
        "to": "[restaurant Name And/or Location Not Given]"
      },
      {
        "fromBlank": false,
        "fromError": false,
        "from": [
          "Childs",
          "Childs'",
          "Child's"
        ],
        "to": "Childs"
      },
      {
        "fromBlank": false,
        "fromError": false,
        "from": [
          "Nordeutscher Lloyd Bremen",
          "Nordeutscher Lloyd  Bremen",
          "Nordeutscher Lloyd - Bremen"
        ],
        "to": "Nordeutscher Lloyd Bremen"
      },
      {
        "fromBlank": false,
        "fromError": false,
        "from": [
          "Alta Vista Hotel",
          "(alta Vista Hotel)",
          "Alta Vista Hotel (?)"
        ],
        "to": "Alta Vista Hotel"
      },
      {
        "fromBlank": false,
        "fromError": false,
        "from": [
          "Gramercy Park Hotel",
          "Hotel Gramercy Park",
          "Gramercy Park Hotel; Hotel Gramercy Park"
        ],
        "to": "Gramercy Park Hotel"
      },
      {
        "fromBlank": false,
        "fromError": false,
        "from": [
          "(engineers Club)",
          "Engineers Club",
          "Engineers' Club"
        ],
        "to": "(engineers Club)"
      },
      {
        "fromBlank": false,
        "fromError": false,
        "from": [
          "Hamburg Amerika Linie",
          "Hamburg - Amerika Linie",
          "Hamburg- Amerika Linie"
        ],
        "to": "Hamburg Amerika Linie"
      },
      {
        "fromBlank": false,
        "fromError": false,
        "from": [
          "Riggs'",
          "Rigg's",
          "Riggs"
        ],
        "to": "Riggs'"
      },
      {
        "fromBlank": false,
        "fromError": false,
        "from": [
          "Edward F. Lang's Ladies And Gents Lunch Room And Restaurant",
          "Edward F. Lang's Ladies' And Gent's Lunch Room And Restaurant",
          "Edward F. Lang's Ladies' And Gent's Lunch Room And Restaurant;"
        ],
        "to": "Edward F. Lang's Ladies And Gents Lunch Room And Restaurant"
      },
      {
        "fromBlank": false,
        "fromError": false,
        "from": [
          "Hotel Knickerbocker",
          "Hotel Knickerbocker (?)",
          "Knickerbocker Hotel"
        ],
        "to": "Hotel Knickerbocker"
      },
      {
        "fromBlank": false,
        "fromError": false,
        "from": [
          "Waldorf-astoria",
          "(waldorf-astoria?)",
          "(waldorf-astoria)"
        ],
        "to": "Waldorf-astoria"
      },
      {
        "fromBlank": false,
        "fromError": false,
        "from": [
          "Hotel Majestic",
          "(majestic Hotel)",
          "Majestic Hotel"
        ],
        "to": "Hotel Majestic"
      },
      {
        "fromBlank": false,
        "fromError": false,
        "from": [
          "Red Star Line",
          "(red Star Line)",
          "Red Star Line -"
        ],
        "to": "Red Star Line"
      },
      {
        "fromBlank": false,
        "fromError": false,
        "from": [
          "U.S.M.S.",
          "Usms",
          "U.S.M.S"
        ],
        "to": "U.S.M.S."
      },
      {
        "fromBlank": false,
        "fromError": false,
        "from": [
          "U.S.M.S. New York",
          "Usms New York",
          "U.S.M.S New York"
        ],
        "to": "U.S.M.S. New York"
      },
      {
        "fromBlank": false,
        "fromError": false,
        "from": [
          "Delmonicos",
          "Delmonico's",
          "Delmonicos."
        ],
        "to": "Delmonicos"
      },
      {
        "fromBlank": false,
        "fromError": false,
        "from": [
          "The Merchant's Club",
          "The Merchants Club",
          "The Merchants' Club"
        ],
        "to": "The Merchant's Club"
      },
      {
        "fromBlank": false,
        "fromError": false,
        "from": [
          "Merchants' Club",
          "Merchant's Club",
          "Merchants Club"
        ],
        "to": "Merchants' Club"
      },
      {
        "fromBlank": false,
        "fromError": false,
        "from": [
          "St. Denis Hotel",
          "Hotel St. Denis",
          "St  Denis Hotel"
        ],
        "to": "St. Denis Hotel"
      },
      {
        "fromBlank": false,
        "fromError": false,
        "from": [
          "American Medical Editors' Association",
          "American Medical Editor's Association",
          "American Medical Editors Association"
        ],
        "to": "American Medical Editors' Association"
      },
      {
        "fromBlank": false,
        "fromError": false,
        "from": [
          "Nippon Yusen Kaisha - S.S.Kobe Maru",
          "Nippon Yusen Kaisha -s.S.Kobe Maru"
        ],
        "to": "Nippon Yusen Kaisha - S.S.Kobe Maru"
      },
      {
        "fromBlank": false,
        "fromError": false,
        "from": [
          "Hotel Metropole",
          "Metropole Hotel"
        ],
        "to": "Hotel Metropole"
      },
      {
        "fromBlank": false,
        "fromError": false,
        "from": [
          "S.S. American Shipper",
          "S.S.  american Shipper   "
        ],
        "to": "S.S. American Shipper"
      },
      {
        "fromBlank": false,
        "fromError": false,
        "from": [
          "Nippon Yusen Kaisha - S.S.Kasuga",
          "Nippon Yusen Kaisha -s.S.Kasuga"
        ],
        "to": "Nippon Yusen Kaisha - S.S.Kasuga"
      },
      {
        "fromBlank": false,
        "fromError": false,
        "from": [
          "Oceanic Steamship Company - Sonoma",
          "Oceanic Steamship Company _ Sonoma"
        ],
        "to": "Oceanic Steamship Company - Sonoma"
      },
      {
        "fromBlank": false,
        "fromError": false,
        "from": [
          "The Merchant's Club Of Chicago",
          "The Merchants Club Of Chicago"
        ],
        "to": "The Merchant's Club Of Chicago"
      },
      {
        "fromBlank": false,
        "fromError": false,
        "from": [
          "Wabash Railway Company",
          "Wabash [railway Company]"
        ],
        "to": "Wabash Railway Company"
      },
      {
        "fromBlank": false,
        "fromError": false,
        "from": [
          "Friendly Sons Of St. Patrick",
          "Friendly Sons Of St Patrick"
        ],
        "to": "Friendly Sons Of St. Patrick"
      },
      {
        "fromBlank": false,
        "fromError": false,
        "from": [
          "Cie Gle Transatlantique",
          "Cie. Gle. Transatlantique"
        ],
        "to": "Cie Gle Transatlantique"
      },
      {
        "fromBlank": false,
        "fromError": false,
        "from": [
          "De L'ange Hotel",
          "Hotel De L'ange"
        ],
        "to": "De L'ange Hotel"
      },
      {
        "fromBlank": false,
        "fromError": false,
        "from": [
          "Rigg's Twentieth Street Restaurant",
          "Riggs' Twentieth Street Restaurant"
        ],
        "to": "Rigg's Twentieth Street Restaurant"
      },
      {
        "fromBlank": false,
        "fromError": false,
        "from": [
          "King Frederik Viii",
          "(king Frederik Viii)"
        ],
        "to": "King Frederik Viii"
      },
      {
        "fromBlank": false,
        "fromError": false,
        "from": [
          "Ancient And Honorable Artillery Co Of Massachusetts",
          "Ancient And Honorable Artillery Co. Of Massachusetts"
        ],
        "to": "Ancient And Honorable Artillery Co Of Massachusetts"
      },
      {
        "fromBlank": false,
        "fromError": false,
        "from": [
          "The New Willard Hotel",
          "The New Willard Hotel."
        ],
        "to": "The New Willard Hotel"
      },
      {
        "fromBlank": false,
        "fromError": false,
        "from": [
          "Oceanic Steamship Co. - Sierra",
          "Oceanic Steamship Co.- Sierra"
        ],
        "to": "Oceanic Steamship Co. - Sierra"
      },
      {
        "fromBlank": false,
        "fromError": false,
        "from": [
          "St. Francis Hotel",
          "Hotel St. Francis"
        ],
        "to": "St. Francis Hotel"
      },
      {
        "fromBlank": false,
        "fromError": false,
        "from": [
          "Society Of Colonial Wars In The State Of New York",
          "Society Of The Society Of Colonial Wars In The State Of New York"
        ],
        "to": "Society Of Colonial Wars In The State Of New York"
      },
      {
        "fromBlank": false,
        "fromError": false,
        "from": [
          "(king Alexander Of Servia)",
          "King Alexander Of Servia"
        ],
        "to": "(king Alexander Of Servia)"
      },
      {
        "fromBlank": false,
        "fromError": false,
        "from": [
          "Hotel Association Of New York City",
          "(hotel Association Of New York City)"
        ],
        "to": "Hotel Association Of New York City"
      },
      {
        "fromBlank": false,
        "fromError": false,
        "from": [
          "Childs' Lunch Rooms",
          "Child's Lunch Rooms"
        ],
        "to": "Childs' Lunch Rooms"
      },
      {
        "fromBlank": false,
        "fromError": false,
        "from": [
          "Oceanic Steamship Co. - S.S.Zealandia",
          "Oceanic Steamship Co. S.S.Zealandia"
        ],
        "to": "Oceanic Steamship Co. - S.S.Zealandia"
      },
      {
        "fromBlank": false,
        "fromError": false,
        "from": [
          "Hotel Manhattan",
          "Manhattan Hotel"
        ],
        "to": "Hotel Manhattan"
      },
      {
        "fromBlank": false,
        "fromError": false,
        "from": [
          "Hotel Victory",
          "Victory Hotel"
        ],
        "to": "Hotel Victory"
      },
      {
        "fromBlank": false,
        "fromError": false,
        "from": [
          "(club)",
          "? Club"
        ],
        "to": "(club)"
      },
      {
        "fromBlank": false,
        "fromError": false,
        "from": [
          "Paquebot Liberte",
          "Paquebot \\liberte\\  "
        ],
        "to": "Paquebot Liberte"
      },
      {
        "fromBlank": false,
        "fromError": false,
        "from": [
          "Hotel Grunewald",
          "Grunewald Hotel"
        ],
        "to": "Hotel Grunewald"
      },
      {
        "fromBlank": false,
        "fromError": false,
        "from": [
          "Hotel Algazar",
          "Algazar Hotel"
        ],
        "to": "Hotel Algazar"
      },
      {
        "fromBlank": false,
        "fromError": false,
        "from": [
          "Fairmont Hotel",
          "Hotel Fairmont"
        ],
        "to": "Fairmont Hotel"
      },
      {
        "fromBlank": false,
        "fromError": false,
        "from": [
          "Alcazar Hotel",
          "Hotel Alcazar"
        ],
        "to": "Alcazar Hotel"
      },
      {
        "fromBlank": false,
        "fromError": false,
        "from": [
          "St. Nicholas Hotel",
          "Hotel St. Nicholas"
        ],
        "to": "St. Nicholas Hotel"
      },
      {
        "fromBlank": false,
        "fromError": false,
        "from": [
          "Hotel Colorado",
          "Colorado Hotel"
        ],
        "to": "Hotel Colorado"
      },
      {
        "fromBlank": false,
        "fromError": false,
        "from": [
          "Cosmopolitan Hotel",
          "Cosmopolitan... Hotel"
        ],
        "to": "Cosmopolitan Hotel"
      },
      {
        "fromBlank": false,
        "fromError": false,
        "from": [
          "Colombo Hotel",
          "Hotel Colombo"
        ],
        "to": "Colombo Hotel"
      },
      {
        "fromBlank": false,
        "fromError": false,
        "from": [
          "(maharaja Of Baroda)",
          "Maharaja Of Baroda"
        ],
        "to": "(maharaja Of Baroda)"
      },
      {
        "fromBlank": false,
        "fromError": false,
        "from": [
          "Ancient Accepted Scottish Rite",
          "Ancient & Accepted Scottish Rite"
        ],
        "to": "Ancient Accepted Scottish Rite"
      },
      {
        "fromBlank": false,
        "fromError": false,
        "from": [
          "Oceanic Steamship Company -s.S.Zealander",
          "Oceanic Steamship Company - S.S.Zealander"
        ],
        "to": "Oceanic Steamship Company -s.S.Zealander"
      },
      {
        "fromBlank": false,
        "fromError": false,
        "from": [
          "Pirate's House",
          "Pirates' House"
        ],
        "to": "Pirate's House"
      },
      {
        "fromBlank": false,
        "fromError": false,
        "from": [
          "Michigan Society Of The Sons Of The American Revolution",
          "Michigan Society Sons Of The American Revolution"
        ],
        "to": "Michigan Society Of The Sons Of The American Revolution"
      },
      {
        "fromBlank": false,
        "fromError": false,
        "from": [
          "Merchant's Club Of Boston",
          "Merchants' Club Of Boston"
        ],
        "to": "Merchant's Club Of Boston"
      },
      {
        "fromBlank": false,
        "fromError": false,
        "from": [
          "Second Panel Sheriff's Jury",
          "Sheriff's Jury Second Panel"
        ],
        "to": "Second Panel Sheriff's Jury"
      },
      {
        "fromBlank": false,
        "fromError": false,
        "from": [
          "Elks Club House",
          "Elks' Club House"
        ],
        "to": "Elks Club House"
      },
      {
        "fromBlank": false,
        "fromError": false,
        "from": [
          "Hotel Du Musee",
          "Hotel Du Musee'"
        ],
        "to": "Hotel Du Musee"
      },
      {
        "fromBlank": false,
        "fromError": false,
        "from": [
          "Red Star Line - S.S.Westernland",
          "Red Star Line S.S.Westernland"
        ],
        "to": "Red Star Line - S.S.Westernland"
      },
      {
        "fromBlank": false,
        "fromError": false,
        "from": [
          "Tavern On The Green",
          "The Tavern On The Green"
        ],
        "to": "Tavern On The Green"
      },
      {
        "fromBlank": false,
        "fromError": false,
        "from": [
          "Hotel Minot",
          "Minot Hotel"
        ],
        "to": "Hotel Minot"
      },
      {
        "fromBlank": false,
        "fromError": false,
        "from": [
          "[restaurant And/or Location Not Given.]",
          "[restaurant And/or Location Not Given]"
        ],
        "to": "[restaurant And/or Location Not Given.]"
      },
      {
        "fromBlank": false,
        "fromError": false,
        "from": [
          "S.S New Amsterdam",
          "S.S. New Amsterdam"
        ],
        "to": "S.S New Amsterdam"
      },
      {
        "fromBlank": false,
        "fromError": false,
        "from": [
          "Sherry's",
          "Sherrys"
        ],
        "to": "Sherry's"
      },
      {
        "fromBlank": false,
        "fromError": false,
        "from": [
          "Ambassador Hotel",
          "Hotel Ambassador"
        ],
        "to": "Ambassador Hotel"
      },
      {
        "fromBlank": false,
        "fromError": false,
        "from": [
          "Bristol Hotel",
          "Hotel Bristol"
        ],
        "to": "Bristol Hotel"
      },
      {
        "fromBlank": false,
        "fromError": false,
        "from": [
          "Schwarzwalder's Natur Weinhaus",
          "Schwarzwalders Natur Weinhaus"
        ],
        "to": "Schwarzwalder's Natur Weinhaus"
      },
      {
        "fromBlank": false,
        "fromError": false,
        "from": [
          "(private)",
          "Private"
        ],
        "to": "(private)"
      },
      {
        "fromBlank": false,
        "fromError": false,
        "from": [
          "The Commodore Hotel",
          "The Hotel Commodore"
        ],
        "to": "The Commodore Hotel"
      },
      {
        "fromBlank": false,
        "fromError": false,
        "from": [
          "Algonquin Hotel",
          "Hotel Algonquin"
        ],
        "to": "Algonquin Hotel"
      },
      {
        "fromBlank": false,
        "fromError": false,
        "from": [
          "Hotel Worthy",
          "Worthy Hotel"
        ],
        "to": "Hotel Worthy"
      },
      {
        "fromBlank": false,
        "fromError": false,
        "from": [
          "Willard's Hotel",
          "Willards Hotel"
        ],
        "to": "Willard's Hotel"
      },
      {
        "fromBlank": false,
        "fromError": false,
        "from": [
          "Grand Ballroom Of The Hotel Plaza",
          "The Grand Ballroom Of The Hotel Plaza"
        ],
        "to": "Grand Ballroom Of The Hotel Plaza"
      },
      {
        "fromBlank": false,
        "fromError": false,
        "from": [
          "Canadian Pacific Railway Co. - S.S.Athabasca",
          "Canadian Pacific Railway Co.- S.S.Athabasca"
        ],
        "to": "Canadian Pacific Railway Co. - S.S.Athabasca"
      },
      {
        "fromBlank": false,
        "fromError": false,
        "from": [
          "Century Club",
          "(century Club?)"
        ],
        "to": "Century Club"
      },
      {
        "fromBlank": false,
        "fromError": false,
        "from": [
          "Hotel Astor",
          "Astor Hotel"
        ],
        "to": "Hotel Astor"
      },
      {
        "fromBlank": false,
        "fromError": false,
        "from": [
          "(emperor Nicholas Ii",
          "Emperor Nicholas Ii"
        ],
        "to": "(emperor Nicholas Ii"
      },
      {
        "fromBlank": false,
        "fromError": false,
        "from": [
          "Hotel Chamberlin",
          "Chamberlin Hotel"
        ],
        "to": "Hotel Chamberlin"
      },
      {
        "fromBlank": false,
        "fromError": false,
        "from": [
          "Grocers Hall",
          "Grocers' Hall"
        ],
        "to": "Grocers Hall"
      },
      {
        "fromBlank": false,
        "fromError": false,
        "from": [
          "Continental Hotel",
          "Hotel Continental"
        ],
        "to": "Continental Hotel"
      },
      {
        "fromBlank": false,
        "fromError": false,
        "from": [
          "New York Central System",
          "[new York Central System]"
        ],
        "to": "New York Central System"
      },
      {
        "fromBlank": false,
        "fromError": false,
        "from": [
          "Northern Steamship Company/great Northern Ry Line.",
          "(northern Steamship Company/great Northern Ry Line.)"
        ],
        "to": "Northern Steamship Company/great Northern Ry Line."
      },
      {
        "fromBlank": false,
        "fromError": false,
        "from": [
          "Wisconsin Society - Sons Of The American Revolution",
          "Wisconsin Society Sons Of The American Revolution"
        ],
        "to": "Wisconsin Society - Sons Of The American Revolution"
      },
      {
        "fromBlank": false,
        "fromError": false,
        "from": [
          "King Edward Vii",
          "(king Edward Vii)"
        ],
        "to": "King Edward Vii"
      },
      {
        "fromBlank": false,
        "fromError": false,
        "from": [
          "St. Regis Hotel",
          "Hotel St. Regis"
        ],
        "to": "St. Regis Hotel"
      },
      {
        "fromBlank": false,
        "fromError": false,
        "from": [
          "Hotel Netherland",
          "Netherland Hotel"
        ],
        "to": "Hotel Netherland"
      },
      {
        "fromBlank": false,
        "fromError": false,
        "from": [
          "St.Regis Hotel",
          "Hotel St.Regis"
        ],
        "to": "St.Regis Hotel"
      },
      {
        "fromBlank": false,
        "fromError": false,
        "from": [
          "St. Charles Hotel",
          "St Charles Hotel"
        ],
        "to": "St. Charles Hotel"
      },
      {
        "fromBlank": false,
        "fromError": false,
        "from": [
          "Society Of Sons Of The Revolution In The State Of Missouri",
          "Society Sons Of The Revolution In The State Of Missouri"
        ],
        "to": "Society Of Sons Of The Revolution In The State Of Missouri"
      },
      {
        "fromBlank": false,
        "fromError": false,
        "from": [
          "Waldorf Astoria",
          "Waldorf- Astoria"
        ],
        "to": "Waldorf Astoria"
      },
      {
        "fromBlank": false,
        "fromError": false,
        "from": [
          "Hotel Empire",
          "Empire Hotel"
        ],
        "to": "Hotel Empire"
      },
      {
        "fromBlank": false,
        "fromError": false,
        "from": [
          "Reuben's",
          "Reuben's."
        ],
        "to": "Reuben's"
      },
      {
        "fromBlank": false,
        "fromError": false,
        "from": [
          "Paquebot \\france\\  ",
          "Paquebot France"
        ],
        "to": "Paquebot \\france\\  "
      },
      {
        "fromBlank": false,
        "fromError": false,
        "from": [
          "Royal Palm Hotel",
          "Hotel Royal Palm"
        ],
        "to": "Royal Palm Hotel"
      },
      {
        "fromBlank": false,
        "fromError": false,
        "from": [
          "(english Hotel Restaurant)",
          "English Hotel Restaurant"
        ],
        "to": "(english Hotel Restaurant)"
      },
      {
        "fromBlank": false,
        "fromError": false,
        "from": [
          "George Washington Hotel",
          "Hotel George Washington"
        ],
        "to": "George Washington Hotel"
      },
      {
        "fromBlank": false,
        "fromError": false,
        "from": [
          "R.G.(?)",
          "Rg"
        ],
        "to": "R.G.(?)"
      },
      {
        "fromBlank": false,
        "fromError": false,
        "from": [
          "Manhattan Club",
          "(manhattan Club)"
        ],
        "to": "Manhattan Club"
      },
      {
        "fromBlank": false,
        "fromError": false,
        "from": [
          "Columbia Hotel",
          "Hotel Columbia"
        ],
        "to": "Columbia Hotel"
      },
      {
        "fromBlank": false,
        "fromError": false,
        "from": [
          "R.M.S. Oceanic",
          "Rms Oceanic"
        ],
        "to": "R.M.S. Oceanic"
      },
      {
        "fromBlank": false,
        "fromError": false,
        "from": [
          "New Grand Hotel",
          "Grand New Hotel"
        ],
        "to": "New Grand Hotel"
      },
      {
        "fromBlank": false,
        "fromError": false,
        "from": [
          "The Hotel Plaza",
          "The Plaza Hotel"
        ],
        "to": "The Hotel Plaza"
      },
      {
        "fromBlank": false,
        "fromError": false,
        "from": [
          "Xiii Club",
          "Club Xiii"
        ],
        "to": "Xiii Club"
      },
      {
        "fromBlank": false,
        "fromError": false,
        "from": [
          "Hotel Lafayette",
          "Lafayette Hotel"
        ],
        "to": "Hotel Lafayette"
      },
      {
        "fromBlank": false,
        "fromError": false,
        "from": [
          "Empire State Society Of Sons Of The American Revolution",
          "Empire State Society Sons Of The American Revolution"
        ],
        "to": "Empire State Society Of Sons Of The American Revolution"
      },
      {
        "fromBlank": false,
        "fromError": false,
        "from": [
          "Hotel Pennsylvania",
          "Pennsylvania Hotel"
        ],
        "to": "Hotel Pennsylvania"
      },
      {
        "fromBlank": false,
        "fromError": false,
        "from": [
          "Hotel Savoy",
          "Savoy Hotel"
        ],
        "to": "Hotel Savoy"
      },
      {
        "fromBlank": false,
        "fromError": false,
        "from": [
          "Hotel Dennis",
          "Dennis Hotel"
        ],
        "to": "Hotel Dennis"
      },
      {
        "fromBlank": false,
        "fromError": false,
        "from": [
          "R.M.S. Parthia",
          "R.M.S.  parthia   "
        ],
        "to": "R.M.S. Parthia"
      },
      {
        "fromBlank": false,
        "fromError": false,
        "from": [
          "Mouquin Restaurant And Wine Co",
          "Mouquin Restaurant And Wine Co."
        ],
        "to": "Mouquin Restaurant And Wine Co"
      },
      {
        "fromBlank": false,
        "fromError": false,
        "from": [
          "Imperial",
          "Imperial (?)"
        ],
        "to": "Imperial"
      },
      {
        "fromBlank": false,
        "fromError": false,
        "from": [
          "S.S. Minnetonka",
          "S.S.  minnetonka   "
        ],
        "to": "S.S. Minnetonka"
      },
      {
        "fromBlank": false,
        "fromError": false,
        "from": [
          "Hotel Commodore",
          "Commodore Hotel"
        ],
        "to": "Hotel Commodore"
      },
      {
        "fromBlank": false,
        "fromError": false,
        "from": [
          "Usms St Louis",
          "U.S.M.S. St. Louis"
        ],
        "to": "Usms St Louis"
      },
      {
        "fromBlank": false,
        "fromError": false,
        "from": [
          "Hotel Winthrop",
          "Winthrop Hotel"
        ],
        "to": "Hotel Winthrop"
      },
      {
        "fromBlank": false,
        "fromError": false,
        "from": [
          "Meyer's Hotel",
          "Meyers Hotel"
        ],
        "to": "Meyer's Hotel"
      },
      {
        "fromBlank": false,
        "fromError": false,
        "from": [
          "(238 Eight Avenue)",
          "238 Eight Avenue"
        ],
        "to": "(238 Eight Avenue)"
      },
      {
        "fromBlank": false,
        "fromError": false,
        "from": [
          "Hotel Phonix",
          "Phonix Hotel"
        ],
        "to": "Hotel Phonix"
      },
      {
        "fromBlank": false,
        "fromError": false,
        "from": [
          "Harvard Club",
          "(harvard Club)"
        ],
        "to": "Harvard Club"
      },
      {
        "fromBlank": false,
        "fromError": false,
        "from": [
          "Hotel Jefferson",
          "Jefferson Hotel"
        ],
        "to": "Hotel Jefferson"
      },
      {
        "fromBlank": false,
        "fromError": false,
        "from": [
          "Smith & Mcnell's",
          "Smith & Mcnells"
        ],
        "to": "Smith & Mcnell's"
      },
      {
        "fromBlank": false,
        "fromError": false,
        "from": [
          "Hotel D'angleterre",
          "D'angleterre Hotel"
        ],
        "to": "Hotel D'angleterre"
      },
      {
        "fromBlank": false,
        "fromError": false,
        "from": [
          "Union Club",
          "(union Club)"
        ],
        "to": "Union Club"
      },
      {
        "fromBlank": false,
        "fromError": false,
        "from": [
          "R.M.S.  queen Mary   ",
          "R.M.S. \\queen Mary\\  "
        ],
        "to": "R.M.S.  queen Mary   "
      },
      {
        "fromBlank": false,
        "fromError": false,
        "from": [
          "American Legation",
          "(american Legation)"
        ],
        "to": "American Legation"
      },
      {
        "fromBlank": false,
        "fromError": false,
        "from": [
          "Hotel Claremont",
          "Claremont Hotel"
        ],
        "to": "Hotel Claremont"
      },
      {
        "fromBlank": false,
        "fromError": false,
        "from": [
          "Hotel Del Coronado",
          "Del Coronado Hotel"
        ],
        "to": "Hotel Del Coronado"
      },
      {
        "fromBlank": false,
        "fromError": false,
        "from": [
          "Hotel Champlain",
          "Champlain Hotel"
        ],
        "to": "Hotel Champlain"
      },
      {
        "fromBlank": false,
        "fromError": false,
        "from": [
          "R.M.S. \\mauretania\\  ",
          "R.M.S. Mauretania"
        ],
        "to": "R.M.S. \\mauretania\\  "
      },
      {
        "fromBlank": false,
        "fromError": false,
        "from": [
          "Met-life Building",
          "Metlife Building"
        ],
        "to": "Met-life Building"
      },
      {
        "fromBlank": false,
        "fromError": false,
        "from": [
          "S.S.  frederik Viii ",
          "S.S. Frederik Viii"
        ],
        "to": "S.S.  frederik Viii "
      },
      {
        "fromBlank": false,
        "fromError": false,
        "from": [
          "Ballroom  The Plaza",
          "The Plaza Ballroom"
        ],
        "to": "Ballroom  The Plaza"
      },
      {
        "fromBlank": false,
        "fromError": false,
        "from": [
          "Menzies Hotel",
          "Menzie's Hotel"
        ],
        "to": "Menzies Hotel"
      },
      {
        "fromBlank": false,
        "fromError": false,
        "from": [
          "American Bankers Association",
          "American Bankers' Association"
        ],
        "to": "American Bankers Association"
      },
      {
        "fromBlank": false,
        "fromError": false,
        "from": [
          "(king Umberto)",
          "King Umberto"
        ],
        "to": "(king Umberto)"
      },
      {
        "fromBlank": false,
        "fromError": false,
        "from": [
          "King Haakon Vii",
          "(king Haakon Vii)"
        ],
        "to": "King Haakon Vii"
      },
      {
        "fromBlank": false,
        "fromError": false,
        "from": [
          "Brevoort Restaurant",
          "Restaurant Brevoort"
        ],
        "to": "Brevoort Restaurant"
      },
      {
        "fromBlank": false,
        "fromError": false,
        "from": [
          "Oceanic Steamship Company - Sierra",
          "Oceanic Steamship Company -sierra"
        ],
        "to": "Oceanic Steamship Company - Sierra"
      },
      {
        "fromBlank": false,
        "fromError": false,
        "from": [
          "S.S.  ile De France   ",
          "S.S. Ile De France"
        ],
        "to": "S.S.  ile De France   "
      },
      {
        "fromBlank": false,
        "fromError": false,
        "from": [
          "Master Printers Association",
          "Master Printers' Association"
        ],
        "to": "Master Printers Association"
      },
      {
        "fromBlank": false,
        "fromError": false,
        "from": [
          "Restaurant Mayan",
          "Mayan Restaurant"
        ],
        "to": "Restaurant Mayan"
      },
      {
        "fromBlank": false,
        "fromError": false,
        "from": [
          "Military Order Of The Loyal Legion Of The United States Commandery Of The State Of Minnesota",
          "Military Order Of The Loyal Legion Of The United States. Commandery Of The State Of Minnesota"
        ],
        "to": "Military Order Of The Loyal Legion Of The United States Commandery Of The State Of Minnesota"
      },
      {
        "fromBlank": false,
        "fromError": false,
        "from": [
          "Adams' Restaurant",
          "Adam's Restaurant"
        ],
        "to": "Adams' Restaurant"
      },
      {
        "fromBlank": false,
        "fromError": false,
        "from": [
          "New England Society In The City Of New York",
          "The New England Society In The City Of New York"
        ],
        "to": "New England Society In The City Of New York"
      },
      {
        "fromBlank": false,
        "fromError": false,
        "from": [
          "Grenoble Hotel",
          "Hotel Grenoble"
        ],
        "to": "Grenoble Hotel"
      },
      {
        "fromBlank": false,
        "fromError": false,
        "from": [
          "\\the Manor\\  ",
          "The Manor"
        ],
        "to": "\\the Manor\\  "
      },
      {
        "fromBlank": false,
        "fromError": false,
        "from": [
          "Penn. Rr - Pullman Dining Car Service",
          "Penn Rr - Pullman Dining Car Service"
        ],
        "to": "Penn. Rr - Pullman Dining Car Service"
      },
      {
        "fromBlank": false,
        "fromError": false,
        "from": [
          "Santa Fe Route",
          "Santa Fe' Route"
        ],
        "to": "Santa Fe Route"
      },
      {
        "fromBlank": false,
        "fromError": false,
        "from": [
          "(harvard University)",
          "Harvard University"
        ],
        "to": "(harvard University)"
      },
      {
        "fromBlank": false,
        "fromError": false,
        "from": [
          "Alpha Kappa Kappa",
          "Kappa Alpha"
        ],
        "to": "Alpha Kappa Kappa"
      },
      {
        "fromBlank": false,
        "fromError": false,
        "from": [
          "Windsor Hotel",
          "Hotel Windsor"
        ],
        "to": "Windsor Hotel"
      },
      {
        "fromBlank": false,
        "fromError": false,
        "from": [
          "Toyo Kisen Kaisha - Hong Kong Maru",
          "Toyo Kisen Kaisha -hong Kong Maru"
        ],
        "to": "Toyo Kisen Kaisha - Hong Kong Maru"
      },
      {
        "fromBlank": false,
        "fromError": false,
        "from": [
          "Hotel National",
          "National Hotel"
        ],
        "to": "Hotel National"
      },
      {
        "fromBlank": false,
        "fromError": false,
        "from": [
          "Hotel Marie Antoinette",
          "Marie Antoinette Hotel"
        ],
        "to": "Hotel Marie Antoinette"
      },
      {
        "fromBlank": false,
        "fromError": false,
        "from": [
          "Hotel Quisisana",
          "Quisisana Hotel"
        ],
        "to": "Hotel Quisisana"
      },
      {
        "fromBlank": false,
        "fromError": false,
        "from": [
          "(fifth Ave. Hotel)",
          "Fifth Ave. Hotel"
        ],
        "to": "(fifth Ave. Hotel)"
      },
      {
        "fromBlank": false,
        "fromError": false,
        "from": [
          "New York Central System  Boston & Albany Railroad",
          "Boston & Albany Railroad   New York Central System"
        ],
        "to": "New York Central System  Boston & Albany Railroad"
      },
      {
        "fromBlank": false,
        "fromError": false,
        "from": [
          "Copley Plaza Hotel",
          "Hotel Copley Plaza"
        ],
        "to": "Copley Plaza Hotel"
      },
      {
        "fromBlank": false,
        "fromError": false,
        "from": [
          "Old Guard Albany Zouave Cadets",
          "Albany Zouave Cadets - Old Guard"
        ],
        "to": "Old Guard Albany Zouave Cadets"
      },
      {
        "fromBlank": false,
        "fromError": false,
        "from": [
          "New York Central & Hudson River R.R.",
          "New York Central & Hudson River R.R.."
        ],
        "to": "New York Central & Hudson River R.R."
      },
      {
        "fromBlank": false,
        "fromError": false,
        "from": [
          "St. George's Society",
          "St. Georges Society"
        ],
        "to": "St. George's Society"
      },
      {
        "fromBlank": false,
        "fromError": false,
        "from": [
          "San Remo Hotel",
          "Hotel San Remo"
        ],
        "to": "San Remo Hotel"
      },
      {
        "fromBlank": false,
        "fromError": false,
        "from": [
          "Shanley's",
          "Shanleys"
        ],
        "to": "Shanley's"
      },
      {
        "fromBlank": false,
        "fromError": false,
        "from": [
          "Bankers' Club Of Chicago",
          "Bankers Club Of Chicago"
        ],
        "to": "Bankers' Club Of Chicago"
      },
      {
        "fromBlank": false,
        "fromError": false,
        "from": [
          "Imperial Hotel",
          "Hotel Imperial"
        ],
        "to": "Imperial Hotel"
      },
      {
        "fromBlank": false,
        "fromError": false,
        "from": [
          "Fraunces' Tavern",
          "Fraunces Tavern"
        ],
        "to": "Fraunces' Tavern"
      },
      {
        "fromBlank": false,
        "fromError": false,
        "from": [
          "Nippon Yusen Kaisha - S.S.Nasuga",
          "Nippon Yusen Kaisha -s.S.Nasuga"
        ],
        "to": "Nippon Yusen Kaisha - S.S.Nasuga"
      },
      {
        "fromBlank": false,
        "fromError": false,
        "from": [
          "(king Christian Ix Of Denmark)",
          "King Christian Ix Of Denmark"
        ],
        "to": "(king Christian Ix Of Denmark)"
      },
      {
        "fromBlank": false,
        "fromError": false,
        "from": [
          "Cafeteria Lunch",
          "Cafeteria - Lunch"
        ],
        "to": "Cafeteria Lunch"
      },
      {
        "fromBlank": false,
        "fromError": false,
        "from": [
          "Hotel St. George",
          "St. George Hotel"
        ],
        "to": "Hotel St. George"
      },
      {
        "fromBlank": false,
        "fromError": false,
        "from": [
          "Grand Hotel Royal",
          "Royal Grand Hotel"
        ],
        "to": "Grand Hotel Royal"
      },
      {
        "fromBlank": false,
        "fromError": false,
        "from": [
          "Oceanic Steamship Co. - Sonoma",
          "Oceanic Steamship Co. _ Sonoma"
        ],
        "to": "Oceanic Steamship Co. - Sonoma"
      },
      {
        "fromBlank": false,
        "fromError": false,
        "from": [
          "Associated Pioneers Of The Territorial Days Of California",
          "The Associated Pioneers Of The Territorial Days Of California"
        ],
        "to": "Associated Pioneers Of The Territorial Days Of California"
      },
      {
        "fromBlank": false,
        "fromError": false,
        "from": [
          "Hotel Plaza",
          "Plaza Hotel"
        ],
        "to": "Hotel Plaza"
      },
      {
        "fromBlank": false,
        "fromError": false,
        "from": [
          "York Hotel",
          "Hotel York"
        ],
        "to": "York Hotel"
      },
      {
        "fromBlank": false,
        "fromError": false,
        "from": [
          "Hotel Royal",
          "Royal Hotel"
        ],
        "to": "Hotel Royal"
      },
      {
        "fromBlank": false,
        "fromError": false,
        "from": [
          "Hotel Vendome",
          "Vendome Hotel"
        ],
        "to": "Hotel Vendome"
      },
      {
        "fromBlank": false,
        "fromError": false,
        "from": [
          "Cie Transatlantique",
          "Cie Cie Transatlantique"
        ],
        "to": "Cie Transatlantique"
      },
      {
        "fromBlank": false,
        "fromError": false,
        "from": [
          "Us Army - Subsistence Dept.",
          "U.S. Army - Subsistence Dept."
        ],
        "to": "Us Army - Subsistence Dept."
      },
      {
        "fromBlank": false,
        "fromError": false,
        "from": [
          "Hotel Martinique",
          "Martinique Hotel"
        ],
        "to": "Hotel Martinique"
      },
      {
        "fromBlank": false,
        "fromError": false,
        "from": [
          "Hotel New Weston",
          "New Weston Hotel"
        ],
        "to": "Hotel New Weston"
      },
      {
        "fromBlank": false,
        "fromError": false,
        "from": [
          "Copley-plaza Hotel",
          "Hotel Copley-plaza"
        ],
        "to": "Copley-plaza Hotel"
      },
      {
        "fromBlank": false,
        "fromError": false,
        "from": [
          "Nippon Yusen Kaisha - S.S.Kinshin Maru",
          "Nippon Yusen Kaisha -s.S.Kinshin Maru"
        ],
        "to": "Nippon Yusen Kaisha - S.S.Kinshin Maru"
      },
      {
        "fromBlank": false,
        "fromError": false,
        "from": [
          "Hotel Victoria",
          "Victoria Hotel"
        ],
        "to": "Hotel Victoria"
      },
      {
        "fromBlank": false,
        "fromError": false,
        "from": [
          "Ponce De Leon Hotel",
          "Hotel Ponce De Leon"
        ],
        "to": "Ponce De Leon Hotel"
      },
      {
        "fromBlank": false,
        "fromError": false,
        "from": [
          "(american Line)",
          "American Line"
        ],
        "to": "(american Line)"
      },
      {
        "fromBlank": false,
        "fromError": false,
        "from": [
          "Hotel Pontchartrain",
          "Pontchartrain Hotel"
        ],
        "to": "Hotel Pontchartrain"
      },
      {
        "fromBlank": false,
        "fromError": false,
        "from": [
          "Hotel Lexington",
          "Lexington Hotel"
        ],
        "to": "Hotel Lexington"
      },
      {
        "fromBlank": false,
        "fromError": false,
        "from": [
          "Hotel Revelstoke",
          "Revelstoke Hotel"
        ],
        "to": "Hotel Revelstoke"
      },
      {
        "fromBlank": false,
        "fromError": false,
        "from": [
          "Nippon Yusen Kaisha - S.S. Kasuga",
          "Nippon Yusen Kaisha -ss Kasuga"
        ],
        "to": "Nippon Yusen Kaisha - S.S. Kasuga"
      },
      {
        "fromBlank": false,
        "fromError": false,
        "from": [
          "Hotel Roanoke",
          "Roanoke Hotel"
        ],
        "to": "Hotel Roanoke"
      },
      {
        "fromBlank": false,
        "fromError": false,
        "from": [
          "Union League Club",
          "(union League Club)"
        ],
        "to": "Union League Club"
      },
      {
        "fromBlank": false,
        "fromError": false,
        "from": [
          "Des Indes Hotel",
          "Hotel Des Indes"
        ],
        "to": "Des Indes Hotel"
      },
      {
        "fromBlank": false,
        "fromError": false,
        "from": [
          "Baltimore Hotel",
          "Hotel Baltimore"
        ],
        "to": "Baltimore Hotel"
      },
      {
        "fromBlank": false,
        "fromError": false,
        "from": [
          "Westminster Hotel",
          "Hotel Westminster"
        ],
        "to": "Westminster Hotel"
      },
      {
        "fromBlank": false,
        "fromError": false,
        "from": [
          "Hotel Statler",
          "Statler Hotel"
        ],
        "to": "Hotel Statler"
      },
      {
        "fromBlank": false,
        "fromError": false,
        "from": [
          "Profile House And Hotel Vendome",
          "Hotel Vendome And Profile House"
        ],
        "to": "Profile House And Hotel Vendome"
      },
      {
        "fromBlank": false,
        "fromError": false,
        "from": [
          "U.S.S. New York",
          "U.S.S. New York (?)"
        ],
        "to": "U.S.S. New York"
      },
      {
        "fromBlank": false,
        "fromError": false,
        "from": [
          "Gallatin Hotel",
          "Hotel Gallatin"
        ],
        "to": "Gallatin Hotel"
      },
      {
        "fromBlank": false,
        "fromError": false,
        "from": [
          "New England Shorthand Reporter's Association",
          "New England Shorthand Reporters' Association"
        ],
        "to": "New England Shorthand Reporter's Association"
      }
    ]
  },
  {
    "op": "core/column-addition",
    "description": "Create column date_clean at index 13 based on column date using expression jython:x=value\narr = x.split('-')\ny=arr[0]\nif y>1850:\n   return y",
    "engineConfig": {
      "mode": "row-based",
      "facets": []
    },
    "newColumnName": "date_clean",
    "columnInsertIndex": 13,
    "baseColumnName": "date",
    "expression": "jython:x=value\narr = x.split('-')\ny=arr[0]\nif y>1850:\n   return y",
    "onError": "set-to-blank"
  },
  {
    "op": "core/text-transform",
    "description": "Text transform on cells in column event using expression value.trim()",
    "engineConfig": {
      "mode": "row-based",
      "facets": []
    },
    "columnName": "event",
    "expression": "value.trim()",
    "onError": "keep-original",
    "repeat": false,
    "repeatCount": 10
  },
  {
    "op": "core/text-transform",
    "description": "Text transform on cells in column event using expression value.toTitlecase()",
    "engineConfig": {
      "mode": "row-based",
      "facets": []
    },
    "columnName": "event",
    "expression": "value.toTitlecase()",
    "onError": "keep-original",
    "repeat": false,
    "repeatCount": 10
  },
  {
    "op": "core/text-transform",
    "description": "Text transform on cells in column event using expression value.replace(/\\s+/,' ')",
    "engineConfig": {
      "mode": "row-based",
      "facets": []
    },
    "columnName": "event",
    "expression": "value.replace(/\\s+/,' ')",
    "onError": "keep-original",
    "repeat": false,
    "repeatCount": 10
  },
  {
    "op": "core/text-transform",
    "description": "Text transform on cells in column venue using expression value.toTitlecase()",
    "engineConfig": {
      "mode": "row-based",
      "facets": []
    },
    "columnName": "venue",
    "expression": "value.toTitlecase()",
    "onError": "keep-original",
    "repeat": false,
    "repeatCount": 10
  },
  {
    "op": "core/text-transform",
    "description": "Text transform on cells in column venue using expression value.toTitlecase()",
    "engineConfig": {
      "mode": "row-based",
      "facets": []
    },
    "columnName": "venue",
    "expression": "value.toTitlecase()",
    "onError": "keep-original",
    "repeat": false,
    "repeatCount": 10
  },
  {
    "op": "core/text-transform",
    "description": "Text transform on cells in column venue using expression value.replace(/\\s+/,' ')",
    "engineConfig": {
      "mode": "row-based",
      "facets": []
    },
    "columnName": "venue",
    "expression": "value.replace(/\\s+/,' ')",
    "onError": "keep-original",
    "repeat": false,
    "repeatCount": 10
  },
  {
    "op": "core/text-transform",
    "description": "Text transform on cells in column place using expression value.trim()",
    "engineConfig": {
      "mode": "row-based",
      "facets": []
    },
    "columnName": "place",
    "expression": "value.trim()",
    "onError": "keep-original",
    "repeat": false,
    "repeatCount": 10
  },
  {
    "op": "core/text-transform",
    "description": "Text transform on cells in column occasion using expression value.replace(/\\s+/,' ')",
    "engineConfig": {
      "mode": "row-based",
      "facets": []
    },
    "columnName": "occasion",
    "expression": "value.replace(/\\s+/,' ')",
    "onError": "keep-original",
    "repeat": false,
    "repeatCount": 10
  },
  {
    "op": "core/text-transform",
    "description": "Text transform on cells in column occasion using expression value.trim()",
    "engineConfig": {
      "mode": "row-based",
      "facets": []
    },
    "columnName": "occasion",
    "expression": "value.trim()",
    "onError": "keep-original",
    "repeat": false,
    "repeatCount": 10
  },
  {
    "op": "core/text-transform",
    "description": "Text transform on cells in column occasion using expression value.toTitlecase()",
    "engineConfig": {
      "mode": "row-based",
      "facets": []
    },
    "columnName": "occasion",
    "expression": "value.toTitlecase()",
    "onError": "keep-original",
    "repeat": false,
    "repeatCount": 10
  },
  {
    "op": "core/text-transform",
    "description": "Text transform on cells in column notes using expression value.toTitlecase()",
    "engineConfig": {
      "mode": "row-based",
      "facets": []
    },
    "columnName": "notes",
    "expression": "value.toTitlecase()",
    "onError": "keep-original",
    "repeat": false,
    "repeatCount": 10
  },
  {
    "op": "core/text-transform",
    "description": "Text transform on cells in column notes using expression value.trim()",
    "engineConfig": {
      "mode": "row-based",
      "facets": []
    },
    "columnName": "notes",
    "expression": "value.trim()",
    "onError": "keep-original",
    "repeat": false,
    "repeatCount": 10
  },
  {
    "op": "core/text-transform",
    "description": "Text transform on cells in column notes using expression value.replace(/\\s+/,' ')",
    "engineConfig": {
      "mode": "row-based",
      "facets": []
    },
    "columnName": "notes",
    "expression": "value.replace(/\\s+/,' ')",
    "onError": "keep-original",
    "repeat": false,
    "repeatCount": 10
  },
  {
    "op": "core/mass-edit",
    "description": "Mass edit cells in column name",
    "engineConfig": {
      "mode": "row-based",
      "facets": [
        {
          "mode": "text",
          "caseSensitive": false,
          "query": "",
          "name": "call_number",
          "type": "text",
          "columnName": "call_number"
        },
        {
          "omitError": false,
          "expression": "value",
          "selectBlank": false,
          "selection": [
            {
              "v": {
                "v": "Restaurant",
                "l": "Restaurant"
              }
            }
          ],
          "selectError": false,
          "invert": false,
          "name": "name",
          "omitBlank": false,
          "type": "list",
          "columnName": "name"
        }
      ]
    },
    "columnName": "name",
    "expression": "value",
    "edits": [
      {
        "fromBlank": false,
        "fromError": false,
        "from": [
          ""
        ],
        "to": ""
      }
    ]
  },
  {
    "op": "core/mass-edit",
    "description": "Mass edit cells in column name",
    "engineConfig": {
      "mode": "row-based",
      "facets": [
        {
          "mode": "text",
          "caseSensitive": false,
          "query": "Res",
          "name": "name",
          "type": "text",
          "columnName": "name"
        }
      ]
    },
    "columnName": "name",
    "expression": "value",
    "edits": [
      {
        "fromBlank": false,
        "fromError": false,
        "from": [
          "[Restaurant name and/or location not given]"
        ],
        "to": ""
      }
    ]
  },
  {
    "op": "core/mass-edit",
    "description": "Mass edit cells in column call_number",
    "engineConfig": {
      "mode": "row-based",
      "facets": [
        {
          "mode": "text",
          "caseSensitive": false,
          "query": "_wotm",
          "name": "call_number",
          "type": "text",
          "columnName": "call_number"
        }
      ]
    },
    "columnName": "call_number",
    "expression": "value",
    "edits": [
      {
        "fromBlank": false,
        "fromError": false,
        "from": [
          "1969-0080_wotm"
        ],
        "to": "1969-0080"
      }
    ]
  },
  {
    "op": "core/text-transform",
    "description": "Text transform on cells in column call_number using expression jython:x=value;\nx=x.split('_')\nreturn x[0];",
    "engineConfig": {
      "mode": "row-based",
      "facets": [
        {
          "mode": "text",
          "caseSensitive": false,
          "query": "_wotm",
          "name": "call_number",
          "type": "text",
          "columnName": "call_number"
        }
      ]
    },
    "columnName": "call_number",
    "expression": "jython:x=value;\nx=x.split('_')\nreturn x[0];",
    "onError": "keep-original",
    "repeat": false,
    "repeatCount": 10
  },
  {
    "op": "core/column-split",
    "description": "Split column physical_description by separator",
    "engineConfig": {
      "mode": "row-based",
      "facets": []
    },
    "columnName": "physical_description",
    "guessCellType": true,
    "removeOriginalColumn": true,
    "mode": "separator",
    "separator": ";",
    "regex": false,
    "maxColumns": 0
  },
  {
    "op": "core/column-rename",
    "description": "Rename column physical_description 1 to physical_description_type",
    "oldColumnName": "physical_description 1",
    "newColumnName": "physical_description_type"
  }
]